INSERT INTO users (user_id, first_name, last_name, email_id, reg_date) VALUES
(1, 'Luca', 'Rossi', 'luca.rossi@gmail.com', '2019-03-12'),
(2, 'Giulia', 'Bianchi', 'giulia.bianchi@yahoo.com', '2020-11-05'),
(3, 'Marco', 'Verdi', 'marco.verdi@outlook.com', '2021-07-18'),
(4, 'Sara', 'Romano', 'sara.romano@gmail.com', '2022-01-22'),
(5, 'Alessandro', 'Galli', 'alessandro.galli@icloud.com', '2020-04-09'),
(6, 'Chiara', 'Fontana', 'chiara.fontana@libero.it', '2023-06-14'),
(7, 'Matteo', 'Colombo', 'matteo.colombo@gmail.com', '2019-10-01'),
(8, 'Francesca', 'Moretti', 'francesca.moretti@yahoo.com', '2021-02-27'),
(9, 'Davide', 'Ferrari', 'davide.ferrari@outlook.com', '2022-08-03'),
(10, 'Elena', 'Marini', 'elena.marini@gmail.com', '2024-01-19'),
(11, 'Simone', 'Riva', 'simone.riva@icloud.com', '2020-09-02'),
(12, 'Valentina', 'Serra', 'valentina.serra@libero.it', '2023-03-21'),
(13, 'Federico', 'Testa', 'federico.testa@gmail.com', '2019-12-05'),
(14, 'Martina', 'Greco', 'martina.greco@yahoo.com', '2022-10-18'),
(15, 'Andrea', 'Pellegrini', 'andrea.pellegrini@outlook.com', '2021-05-01'),
(16, 'Ilaria', 'Costa', 'ilaria.costa@gmail.com', '2023-11-16'),
(17, 'Giorgio', 'Sartori', 'giorgio.sartori@icloud.com', '2020-02-03'),
(18, 'Sayantan', 'Mandal', 'sayantan.mandal@outlook.com', '2023-11-02'),
(19, 'Riccardo', 'Dondi', 'riccardo.dondi@hotmail.com', '2021-09-27'),
(20, 'Maria', 'Briones Rodriguez', 'maria.briones@icloud.com', '2024-03-01');

INSERT INTO stations (station_id, station_name, capacity) VALUES
(1, 'Porta Venezia', 4),
(2, 'Duomo Centrale', 5),
(3, 'Cadorna FS', 6),
(4, 'Garibaldi Stazione', 4),
(5, 'Porta Romana', 3),
(6, 'Bicocca Università', 5),
(7, 'Lambrate FS', 4),
(8, 'Sempione Arco', 6),
(9, 'Brera Pinacoteca', 3),
(10, 'Navigli Darsena', 5),
(11, 'Isola Piazza', 4),
(12, 'San Babila', 5),
(13, 'Porta Genova', 4),
(14, 'CityLife Mall', 4),
(15, 'Tre Torri', 4);

INSERT INTO bikes (bike_id, bike_type, bike_status, current_station_id, battery_level) VALUES
(1,'manual','docked',1,NULL),
(2,'manual','in use',NULL,NULL),
(3,'manual','docked',1,NULL),
(4,'manual','docked',2,NULL),
(5,'manual','in use',NULL,NULL),
(6,'manual','docked',2,NULL),
(7,'manual','docked',3,NULL),
(8,'manual','in use',NULL,NULL),
(9,'manual','docked',3,NULL),
(10,'manual','docked',4,NULL),
(11,'manual','in use',NULL,NULL),
(12,'manual','docked',4,NULL),
(13,'manual','docked',6,NULL),
(14,'manual','in use',NULL,NULL),
(15,'manual','docked',5,NULL),
(16,'manual','docked',6,NULL),
(17,'electric','under maintenance',NULL,15),
(18,'electric','under maintenance',NULL,20),
(19,'electric','under maintenance',NULL,10),
(20,'electric','under maintenance',NULL,18),
(21,'electric','under maintenance',NULL,5),
(22,'electric','docked',8,87),
(23,'electric','docked',8,72),
(24,'electric','in use',NULL,81),
(25,'electric','docked',9,90),
(26,'electric','docked',9,68),
(27,'electric','in use',NULL,74),
(28,'electric','docked',10,79),
(29,'electric','docked',10,92),
(30,'electric','in use',NULL,84),
(31,'electric','docked',11,77),
(32,'electric','docked',11,89),
(33,'electric','in use',NULL,88),
(34,'electric','docked',12,91),
(35,'electric','docked',12,73),
(36,'electric','in use',NULL,82),
(37,'electric','docked',13,86),
(38,'electric','docked',13,95),
(39,'electric','in use',NULL,74),
(40,'electric','docked',14,88),
(41,'electric','docked',14,65),
(42,'electric','in use',NULL,84),
(43,'electric','docked',15,80),
(44,'electric','docked',15,92),
(45,'electric','in use',NULL,87),
(46,'electric','docked',1,73),
(47,'electric','docked',1,81),
(48,'electric','in use',NULL,94),
(49,'electric','docked',2,78),
(50,'electric','docked',2,85),
(51,'electric','in use',NULL,76),
(52,'electric','docked',3,83),
(53,'electric','docked',3,69),
(54,'electric','in use',NULL,88),
(55,'electric','docked',4,90),
(56,'electric','docked',4,72),
(57,'electric','in use',NULL,79),
(58,'electric','docked',5,93),
(59,'electric','docked',5,67),
(60,'electric','in use',NULL,82),
(61,'electric','docked',6,96),
(62,'electric','docked',6,75),
(63,'electric','in use',NULL,89),
(64,'electric','docked',7,84),
(65,'electric','docked',7,77),
(66,'electric','in use',NULL,91);

INSERT INTO rides (ride_id, user_id, bike_id, from_station, to_station, start_time, end_time, ride_cost, ride_status, ride_dist_km) VALUES
(1, 14, 22, 6, 2, '2024-01-03 12:10', '2024-01-03 12:30', 3.90, 'completed', 3.3),
(2, 3, 5, 1, 3, '2024-01-05 08:10', '2024-01-05 08:25', 3.20, 'completed', 2.5),
(3, 10, 25, 9, 5, '2024-01-08 15:00', '2024-01-08 15:20', 0.00, 'completed', 3.9),
(4, 7, 12, 4, 6, '2024-01-10 09:00', '2024-01-10 09:20', 4.10, 'completed', 3.4),
(5, 18, 40, 14, 10, '2024-01-13 20:10', '2024-01-13 20:30', 0.00, 'completed', 2.8),
(6, 11, 18, 2, 5, '2024-01-16 10:15', '2024-01-16 10:35', 2.90, 'completed', 2.2),
(7, 20, 33, 5, 2, '2024-01-19 18:00', '2024-01-19 18:20', 3.70, 'completed', 3.0),
(8, 5, 11, 4, 1, '2024-01-22 11:30', '2024-01-22 11:50', 0.00, 'completed', 2.0),
(9, 12, 28, 10, 6, '2024-01-25 16:00', '2024-01-25 16:18', 0.00, 'completed', 3.0),
(10, 9, 21, 8, 4, '2024-01-28 14:10', '2024-01-28 14:30', 0.00, 'completed', 2.7),
(11, 4, 20, 6, 2, '2024-02-01 10:00', '2024-02-01 10:18', 3.00, 'completed', 2.5),
(12, 17, 30, 3, 8, '2024-02-04 14:10', '2024-02-04 14:30', 4.80, 'completed', 4.1),
(13, 8, 19, 7, 3, '2024-02-07 13:30', '2024-02-07 13:50', 0.00, 'completed', 3.2),
(14, 6, 15, 6, 2, '2024-02-10 12:20', '2024-02-10 12:40', 0.00, 'completed', 2.7),
(15, 19, 44, 15, 11, '2024-02-13 21:10', '2024-02-13 21:30', 0.00, 'completed', 3.5),
(16, 3, 8, 2, 5, '2024-02-16 08:30', '2024-02-16 08:50', 3.40, 'completed', 2.8),
(17, 1, 10, 1, 4, '2024-02-19 08:05', '2024-02-19 08:20', 0.00, 'completed', 2.4),
(18, 13, 31, 11, 7, '2024-02-22 17:10', '2024-02-22 17:30', 0.00, 'completed', 2.4),
(19, 7, 14, 4, 1, '2024-02-25 09:40', '2024-02-25 10:00', 4.20, 'completed', 3.6),
(20, 11, 19, 3, 7, '2024-02-28 10:50', '2024-02-28 11:10', 2.70, 'completed', 2.1),

(21, 14, 22, 7, 1, '2024-03-03 11:40', '2024-03-03 12:00', 3.50, 'completed', 2.9),
(22, 5, 23, 7, 3, '2024-03-06 11:00', '2024-03-06 11:20', 2.90, 'completed', 2.3),
(23, 16, 36, 13, 9, '2024-03-09 19:10', '2024-03-09 19:30', 0.00, 'completed', 3.7),
(24, 10, 35, 11, 7, '2024-03-12 15:00', '2024-03-12 15:20', 3.80, 'completed', 3.2),
(25, 8, 29, 9, 5, '2024-03-15 13:00', '2024-03-15 13:20', 4.00, 'completed', 3.5),
(26, 1, 13, 3, 5, '2024-03-18 08:00', '2024-03-18 08:18', 3.20, 'completed', 2.6),
(27, 9, 32, 10, 6, '2024-03-21 14:00', '2024-03-21 14:20', 3.10, 'completed', 2.6),
(28, 12, 38, 12, 8, '2024-03-24 16:00', '2024-03-24 16:20', 4.20, 'completed', 3.9),
(29, 4, 9, 3, 7, '2024-03-27 10:20', '2024-03-27 10:40', 0.00, 'completed', 2.8),
(30, 6, 26, 8, 4, '2024-03-30 12:00', '2024-03-30 12:20', 3.40, 'completed', 2.9),

(31, 15, 34, 12, 8, '2024-04-02 18:10', '2024-04-02 18:30', 0.00, 'completed', 3.4),
(32, 18, 40, 14, 10, '2024-04-05 22:40', '2024-04-05 22:55', 0.00, 'completed', 2.9),
(33, 19, 44, 15, 11, '2024-04-08 22:50', '2024-04-08 23:05', 0.00, 'completed', 3.6),
(34, 3, 12, 2, 6, '2024-04-11 19:40', '2024-04-11 19:55', 3.50, 'completed', 2.9),
(35, 7, 14, 5, 1, '2024-04-14 19:50', '2024-04-14 20:05', 4.00, 'completed', 3.3),
(36, 11, 18, 2, 5, '2024-04-17 10:15', '2024-04-17 10:35', 2.90, 'completed', 2.2),
(37, 14, 22, 6, 2, '2024-04-20 20:10', '2024-04-20 20:25', 3.70, 'completed', 3.0),
(38, 17, 30, 8, 3, '2024-04-23 20:20', '2024-04-23 20:35', 4.50, 'completed', 3.9),
(39, 20, 33, 5, 9, '2024-04-26 20:30', '2024-04-26 20:45', 3.60, 'completed', 3.1),
(40, 9, 21, 8, 4, '2024-04-29 14:20', '2024-04-29 14:40', 0.00, 'completed', 2.6),

(41, 6, 15, 6, 2, '2024-05-02 21:20', '2024-05-02 21:35', 0.00, 'completed', 2.9),
(42, 8, 19, 7, 3, '2024-05-05 21:30', '2024-05-05 21:45', 0.00, 'completed', 3.4),
(43, 10, 25, 9, 5, '2024-05-08 21:50', '2024-05-08 22:05', 0.00, 'completed', 3.3),
(44, 12, 28, 10, 6, '2024-05-11 16:10', '2024-05-11 16:30', 0.00, 'completed', 3.1),
(45, 13, 31, 11, 7, '2024-05-14 22:10', '2024-05-14 22:25', 0.00, 'completed', 2.6),
(46, 15, 34, 12, 8, '2024-05-17 22:20', '2024-05-17 22:35', 0.00, 'completed', 3.7),
(47, 16, 36, 13, 9, '2024-05-20 22:30', '2024-05-20 22:45', 0.00, 'completed', 3.8),
(48, 18, 40, 14, 10, '2024-05-23 20:00', '2024-05-23 20:15', 0.00, 'completed', 2.9),
(49, 19, 44, 15, 11, '2024-05-26 21:00', '2024-05-26 21:20', 0.00, 'completed', 3.6),
(50, 5, 11, 4, 1, '2024-05-29 21:10', '2024-05-29 21:25', 0.00, 'completed', 2.2),

(51, 1, 10, 1, 3, '2024-06-01 20:40', '2024-06-01 20:55', 0.00, 'completed', 2.5),
(52, 2, 14, 2, 6, '2024-06-02 20:50', '2024-06-02 21:05', 0.00, 'completed', 3.6),
(53, 4, 9, 3, 7, '2024-06-03 21:00', '2024-06-03 21:15', 0.00, 'completed', 2.4),
(54, 8, 19, 7, 3, '2024-06-04 21:30', '2024-06-04 21:45', 0.00, 'completed', 3.4),
(55, 9, 21, 8, 4, '2024-06-05 21:40', '2024-06-05 21:55', 0.00, 'completed', 2.5),
(56, 10, 25, 9, 5, '2024-06-06 21:50', '2024-06-06 22:05', 0.00, 'completed', 3.3),
(57, 12, 28, 10, 6, '2024-06-07 22:00', '2024-06-07 22:15', 0.00, 'completed', 3.1),
(58, 13, 31, 11, 7, '2024-06-08 17:20', '2024-06-08 17:40', 0.00, 'completed', 2.3),
(59, 15, 34, 12, 8, '2024-06-09 18:10', '2024-06-09 18:30', 0.00, 'completed', 3.4),
(60, 16, 36, 13, 9, '2024-06-10 19:10', '2024-06-10 19:30', 0.00, 'completed', 3.7),
(61, 1, 13, 3, 5, '2024-06-11 08:00', '2024-06-11 08:18', 3.20, 'completed', 2.6),
(62, 2, 17, 4, 1, '2024-06-12 09:00', '2024-06-12 09:20', 4.10, 'completed', 3.4),
(63, 4, 20, 6, 2, '2024-06-13 10:00', '2024-06-13 10:18', 3.00, 'completed', 2.5),
(64, 5, 23, 7, 3, '2024-06-14 11:00', '2024-06-14 11:20', 2.90, 'completed', 2.3),
(65, 6, 26, 8, 4, '2024-06-15 12:00', '2024-06-15 12:20', 3.40, 'completed', 2.9),
(66, 8, 29, 9, 5, '2024-06-16 13:00', '2024-06-16 13:20', 4.00, 'completed', 3.5),
(67, 9, 32, 10, 6, '2024-06-17 14:00', '2024-06-17 14:20', 3.10, 'completed', 2.6),
(68, 10, 35, 11, 7, '2024-06-18 15:00', '2024-06-18 15:20', 3.80, 'completed', 3.2),
(69, 12, 38, 12, 8, '2024-06-19 16:00', '2024-06-19 16:20', 4.20, 'completed', 3.9),
(70, 13, 41, 13, 9, '2024-06-20 17:00', '2024-06-20 17:20', 3.00, 'completed', 2.5),

(71, 1, 3, 1, NULL, '2024-06-21 18:00', NULL, NULL, 'ongoing', NULL),
(72, 5, 9, 7, NULL, '2024-06-22 18:10', NULL, NULL, 'ongoing', NULL),
(73, 6, 14, 3, NULL, '2024-06-23 18:20', NULL, NULL, 'ongoing', NULL),
(74, 8, 18, 6, NULL, '2024-06-24 18:30', NULL, NULL, 'ongoing', NULL),
(75, 9, 25, 4, NULL, '2024-06-25 18:40', NULL, NULL, 'ongoing', NULL),
(76, 12, 34, 8, NULL, '2024-06-26 18:50', NULL, NULL, 'ongoing', NULL),
(77, 15, 43, 1, NULL, '2024-06-27 19:00', NULL, NULL, 'ongoing', NULL),
(78, 16, 48, 10, NULL, '2024-06-28 19:10', NULL, NULL, 'ongoing', NULL),
(79, 18, 54, 11, NULL, '2024-06-29 19:20', NULL, NULL, 'ongoing', NULL),
(80, 19, 61, 8, NULL, '2024-06-30 19:30', NULL, NULL, 'ongoing', NULL);

INSERT INTO maintenances (maint_id, bike_id, issue, reported_date, fixed_date, maint_status) VALUES
(1, 8,  'Battery failure - unable to hold charge','2026-02-10', NULL, 'ongoing'),
(2, 31, 'Motor controller malfunction – error code E07','2026-02-14', NULL, 'ongoing'),
(3, 53, 'Severe battery degradation – requires replacement','2026-02-18', NULL, 'ongoing'),
(4, 4,  'Brake pads worn out – replaced','2025-11-05', '2025-11-06', 'done'),
(5, 12, 'Rear wheel alignment issue – adjusted', '2025-12-12', '2025-12-13', 'done'),
(6, 19, 'Motor overheating – firmware updated','2025-10-20', '2025-10-22', 'done'),
(7, 25, 'Chain replacement due to rust','2025-09-15', '2025-09-16', 'done'),
(8, 34, 'Seat post cracked - replaced','2025-08-02', '2025-08-03', 'done'),
(9, 48, 'Front light not working – wiring fixed','2025-07-10', '2025-07-11', 'done'),
(10, 61,'Gear shifting malfunction – derailleur tuned','2025-06-18', '2025-06-19', 'done'),
(11, 2,  'Front brake cable stretched – adjusted','2025-05-11', '2025-05-11', 'done'),
(12, 7,  'Tire puncture – inner tube replaced','2025-04-03', '2025-04-03', 'done'),
(13, 10, 'Loose crank arm – tightened','2025-03-22', '2025-03-22', 'done'),
(14, 14, 'Handlebar misalignment – corrected','2025-03-18', '2025-03-18', 'done'),
(15, 22, 'Rear mudguard broken – replaced','2025-02-27', '2025-02-28', 'done'),
(16, 25, 'Chain lubrication and cleaning','2025-02-10', '2025-02-10', 'done'),
(17, 34, 'Seat clamp loose – tightened','2025-01-22', '2025-01-22', 'done'),
(18, 48, 'Rear light intermittent – connector replaced','2024-12-14', '2024-12-15', 'done'),
(19, 55, 'Front wheel wobble – trued and balanced','2024-11-20', '2024-11-21', 'done'),
(20, 61, 'Pedal bearing noise – bearings replaced','2024-11-09', '2024-11-10', 'done');

INSERT INTO subscriptions (sub_id, user_id, cost, sub_type, begining_date, end_date) VALUES
(1, 12, 49.99, 'quarterly', '2024-01-01', '2024-04-01'),
(2, 1, 19.99, 'monthly', '2024-01-02', '2024-02-02'),
(3, 19, 149.99, 'yearly', '2024-01-05', '2025-01-05'),
(4, 5, 49.99, 'quarterly', '2024-01-08', '2024-04-08'),
(5, 10, 149.99, 'yearly', '2024-01-12', '2025-01-12'),
(6, 6, 149.99, 'yearly', '2024-01-15', '2025-01-15'),
(7, 13, 49.99, 'quarterly', '2024-01-20', '2024-04-20'),
(8, 15, 149.99, 'yearly', '2024-01-25', '2025-01-25'),
(9, 4, 49.99, 'quarterly', '2024-02-01', '2024-05-01'),
(10, 18, 19.99, 'monthly', '2024-02-05', '2024-03-05'),
(11, 8, 49.99, 'quarterly', '2024-02-10', '2024-05-10'),
(12, 2, 149.99, 'yearly', '2024-02-12', '2025-02-12'),
(13, 9, 49.99, 'quarterly', '2024-02-15', '2024-05-15'),
(14, 16, 49.99, 'quarterly', '2024-02-20', '2024-05-20'),
(15, 5, 19.99, 'monthly', '2024-02-22', '2024-03-22'),
(16, 1, 49.99, 'quarterly', '2024-03-01', '2024-06-01'),
(17, 12, 149.99, 'yearly', '2024-03-05', '2025-03-05'),
(18, 10, 19.99, 'monthly', '2024-03-08', '2024-04-08'),
(19, 6, 19.99, 'monthly', '2024-03-12', '2024-04-12'),
(20, 8, 149.99, 'yearly', '2024-03-15', '2025-03-15'),
(21, 13, 19.99, 'monthly', '2024-03-20', '2024-04-20'),
(22, 15, 19.99, 'monthly', '2024-03-25', '2024-04-25'),
(23, 16, 149.99, 'yearly', '2024-04-01', '2025-04-01'),
(24, 18, 49.99, 'quarterly', '2024-04-05', '2024-07-05'),
(25, 19, 19.99, 'monthly', '2024-04-10', '2024-05-10'),
(26, 2, 19.99, 'monthly', '2024-04-15', '2024-05-15'),
(27, 4, 149.99, 'yearly', '2024-04-18', '2025-04-18'),
(28, 1, 19.99, 'monthly', '2024-04-22', '2024-05-22'),
(29, 5, 149.99, 'yearly', '2024-04-25', '2025-04-25'),
(30, 9, 19.99, 'monthly', '2024-05-01', '2024-06-01');

INSERT INTO payments (payment_id, user_id, ride_id, amount, payment_date, payment_status) VALUES
(1, 12, NULL, 49.99, '2024-01-01', 'success'),
(2, 1, NULL, 19.99, '2024-01-02', 'success'),
(3, 19, NULL, 149.99, '2024-01-05', 'success'),
(4, 5, NULL, 49.99, '2024-01-08', 'success'),
(5, 10, NULL, 149.99, '2024-01-12', 'success'),
(6, 6, NULL, 149.99, '2024-01-15', 'success'),
(7, 13, NULL, 49.99, '2024-01-20', 'success'),
(8, 15, NULL, 149.99, '2024-01-25', 'success'),
(9, 4, NULL, 49.99, '2024-02-01', 'success'),
(10, 18, NULL, 19.99, '2024-02-05', 'success'),
(11, 8, NULL, 49.99, '2024-02-10', 'success'),
(12, 2, NULL, 149.99, '2024-02-12', 'success'),
(13, 9, NULL, 49.99, '2024-02-15', 'success'),
(14, 16, NULL, 49.99, '2024-02-20', 'success'),
(15, 5, NULL, 19.99, '2024-02-22', 'success'),
(16, 1, NULL, 49.99, '2024-03-01', 'success'),
(17, 12, NULL, 149.99, '2024-03-05', 'success'),
(18, 10, NULL, 19.99, '2024-03-08', 'success'),
(19, 6, NULL, 19.99, '2024-03-12', 'success'),
(20, 8, NULL, 149.99, '2024-03-15', 'success'),
(21, 13, NULL, 19.99, '2024-03-20', 'success'),
(22, 15, NULL, 19.99, '2024-03-25', 'success'),
(23, 16, NULL, 149.99, '2024-04-01', 'success'),
(24, 18, NULL, 49.99, '2024-04-05', 'success'),
(25, 19, NULL, 19.99, '2024-04-10', 'success'),
(26, 2, NULL, 19.99, '2024-04-15', 'success'),
(27, 4, NULL, 149.99, '2024-04-18', 'success'),
(28, 1, NULL, 19.99, '2024-04-22', 'success'),
(29, 5, NULL, 149.99, '2024-04-25', 'success'),
(30, 9, NULL, 19.99, '2024-05-01', 'success'),
(31, 3, 2, 3.20, '2024-05-03', 'success'),
(32, 3, 16, 3.40, '2024-05-05', 'success'),
(33, 3, 34, 3.50, '2024-05-07', 'success'),
(34, 7, 4, 4.10, '2024-05-10', 'success'),
(35, 7, 19, 4.20, '2024-05-12', 'success'),
(36, 7, 35, 4.00, '2024-05-15', 'success'),
(37, 11, 6, 2.90, '2024-05-18', 'success'),
(38, 11, 20, 2.70, '2024-05-20', 'success'),
(39, 11, 36, 2.90, '2024-05-22', 'success'),
(40, 14, 1, 3.90, '2024-05-25', 'success'),
(41, 14, 21, 3.50, '2024-05-28', 'success'),
(42, 14, 37, 3.70, '2024-06-01', 'success'),
(43, 20, 7, 3.70, '2024-06-05', 'success'),
(44, 20, 39, 3.60, '2024-06-10', 'success');

